{
  "units": "bits (base 2)",
  "circuits": [
    "ca1",
    "ca2",
    "ca3",
    "ca4",
    "ca5",
    "ca6",
    "ca7",
    "ca8",
    "ca9",
    "ca10",
    "ca11",
    "cadc"
  ],
  "circuit_case_counts": {
    "ca1": 5,
    "ca2": 6,
    "ca3": 4,
    "ca4": 5,
    "ca5": 4,
    "ca6": 4,
    "ca7": 7,
    "ca8": 3,
    "ca9": 23,
    "ca10": 3,
    "ca11": 2,
    "cadc": 4
  },
  "mean_pairwise_jsd": 0.654,
  "jsd_matrix": [
    [
      0.0,
      0.5895090263053945,
      0.6450230855292626,
      0.6845384627577344,
      0.6739071688722609,
      0.5595218418926514,
      0.538665141653485,
      0.6349489309376596,
      0.5854817345431974,
      0.6156968081679781,
      0.6185109455548686,
      0.6024927764478442
    ],
    [
      0.5895090263053945,
      0.0,
      0.4720611704478776,
      0.6913071462733167,
      0.7077217810325057,
      0.5736963324701353,
      0.6620634180821605,
      0.6349929728898137,
      0.5467462358702585,
      0.7780782079004405,
      0.8510685264592881,
      0.5032162514259501
    ],
    [
      0.6450230855292626,
      0.4720611704478776,
      0.0,
      0.7554541298135683,
      0.7106098075230733,
      0.5871085103783701,
      0.6621855653846246,
      0.6696329833675405,
      0.662646713264268,
      0.7834512448340579,
      0.8102932809265642,
      0.5830397187069807
    ],
    [
      0.6845384627577344,
      0.6913071462733167,
      0.7554541298135683,
      0.0,
      0.72040066377455,
      0.6565142415305547,
      0.7300750041251564,
      0.7147450116028543,
      0.6726722572150109,
      0.6799572846849319,
      0.8158436756600421,
      0.6892441891113068
    ],
    [
      0.6739071688722609,
      0.7077217810325057,
      0.7106098075230733,
      0.72040066377455,
      0.0,
      0.6129744234205949,
      0.6772534610312101,
      0.7287510869615383,
      0.6437560171553685,
      0.7343075863442602,
      0.7407914004299023,
      0.6540412596533658
    ],
    [
      0.5595218418926514,
      0.5736963324701353,
      0.5871085103783701,
      0.6565142415305547,
      0.6129744234205949,
      0.0,
      0.645614527490992,
      0.43013814315447096,
      0.5265751395024766,
      0.6089453176054577,
      0.7394827982026487,
      0.5681387149751257
    ],
    [
      0.538665141653485,
      0.6620634180821605,
      0.6621855653846246,
      0.7300750041251564,
      0.6772534610312101,
      0.645614527490992,
      0.0,
      0.5891965749659306,
      0.6141190661459041,
      0.6269946817830426,
      0.46715489631131013,
      0.7072240229242064
    ],
    [
      0.6349489309376596,
      0.6349929728898137,
      0.6696329833675405,
      0.7147450116028543,
      0.7287510869615383,
      0.43013814315447096,
      0.5891965749659306,
      0.0,
      0.5989068599413551,
      0.629903394551174,
      0.7015039615881045,
      0.6209273671110004
    ],
    [
      0.5854817345431974,
      0.5467462358702585,
      0.662646713264268,
      0.6726722572150109,
      0.6437560171553685,
      0.5265751395024766,
      0.6141190661459041,
      0.5989068599413551,
      0.0,
      0.6373190362124566,
      0.7391218710432454,
      0.6569403419102695
    ],
    [
      0.6156968081679781,
      0.7780782079004405,
      0.7834512448340579,
      0.6799572846849319,
      0.7343075863442602,
      0.6089453176054577,
      0.6269946817830426,
      0.629903394551174,
      0.6373190362124566,
      0.0,
      0.6233205239135925,
      0.7393065685493176
    ],
    [
      0.6185109455548686,
      0.8510685264592881,
      0.8102932809265642,
      0.8158436756600421,
      0.7407914004299023,
      0.7394827982026487,
      0.46715489631131013,
      0.7015039615881045,
      0.7391218710432454,
      0.6233205239135925,
      0.0,
      0.8286901572734771
    ],
    [
      0.6024927764478442,
      0.5032162514259501,
      0.5830397187069807,
      0.6892441891113068,
      0.6540412596533658,
      0.5681387149751257,
      0.7072240229242064,
      0.6209273671110004,
      0.6569403419102695,
      0.7393065685493176,
      0.8286901572734771,
      0.0
    ]
  ],
  "most_similar_pairs": [
    {
      "circuit1": "ca6",
      "circuit2": "ca8",
      "jsd_bits": 0.4301
    },
    {
      "circuit1": "ca7",
      "circuit2": "ca11",
      "jsd_bits": 0.4672
    },
    {
      "circuit1": "ca2",
      "circuit2": "ca3",
      "jsd_bits": 0.4721
    },
    {
      "circuit1": "ca2",
      "circuit2": "cadc",
      "jsd_bits": 0.5032
    },
    {
      "circuit1": "ca6",
      "circuit2": "ca9",
      "jsd_bits": 0.5266
    }
  ],
  "most_divergent_pairs": [
    {
      "circuit1": "ca3",
      "circuit2": "ca10",
      "jsd_bits": 0.7835
    },
    {
      "circuit1": "ca3",
      "circuit2": "ca11",
      "jsd_bits": 0.8103
    },
    {
      "circuit1": "ca4",
      "circuit2": "ca11",
      "jsd_bits": 0.8158
    },
    {
      "circuit1": "ca11",
      "circuit2": "cadc",
      "jsd_bits": 0.8287
    },
    {
      "circuit1": "ca2",
      "circuit2": "ca11",
      "jsd_bits": 0.8511
    }
  ]
}