{
  "units": "bits (base 2)",
  "circuits": [
    "ca1",
    "ca2",
    "ca3",
    "ca4",
    "ca5",
    "ca6",
    "ca7",
    "ca8",
    "ca9",
    "ca10",
    "ca11",
    "cadc"
  ],
  "circuit_case_counts": {
    "ca1": 5,
    "ca2": 6,
    "ca3": 4,
    "ca4": 5,
    "ca5": 4,
    "ca6": 3,
    "ca7": 5,
    "ca8": 2,
    "ca9": 20,
    "ca10": 3,
    "ca11": 2,
    "cadc": 4
  },
  "mean_pairwise_jsd": 0.6604,
  "jsd_matrix": [
    [
      0.0,
      0.5895090265117227,
      0.6450230857550207,
      0.6845384629973228,
      0.6739071691081283,
      0.5650867452755333,
      0.5768424472593585,
      0.6618276114687442,
      0.5886476904229276,
      0.615696808383472,
      0.6185109457713475,
      0.6024927766587166
    ],
    [
      0.5895090265117227,
      0.0,
      0.472061170613099,
      0.6913071465152741,
      0.7077217812802084,
      0.5455081186541743,
      0.6395952110551567,
      0.6412146014759784,
      0.5300967144999127,
      0.7780782081727677,
      0.8510685267571622,
      0.5032162516020757
    ],
    [
      0.6450230857550207,
      0.472061170613099,
      0.0,
      0.7554541300779773,
      0.7106098077717868,
      0.5729261778864825,
      0.6606104972964697,
      0.6787737489084923,
      0.6493882951533907,
      0.7834512451082659,
      0.8102932812101669,
      0.5830397189110447
    ],
    [
      0.6845384629973228,
      0.6913071465152741,
      0.7554541300779773,
      0.0,
      0.7204006640266902,
      0.6642722271083371,
      0.7312848121900513,
      0.7370497250284799,
      0.6737031214584003,
      0.679957284922917,
      0.8158436759455874,
      0.6892441893525423
    ],
    [
      0.6739071691081283,
      0.7077217812802084,
      0.7106098077717868,
      0.7204006640266902,
      0.0,
      0.6209380770241734,
      0.6877584217685466,
      0.7503457419178563,
      0.6377531383234133,
      0.7343075866012678,
      0.7407914006891793,
      0.6540412598822803
    ],
    [
      0.5650867452755333,
      0.5455081186541743,
      0.5729261778864825,
      0.6642722271083371,
      0.6209380770241734,
      0.0,
      0.6710225552502975,
      0.4704745586141981,
      0.5109843650080635,
      0.6154373201638302,
      0.751114304348368,
      0.5483032932688909
    ],
    [
      0.5768424472593585,
      0.6395952110551567,
      0.6606104972964697,
      0.7312848121900513,
      0.6877584217685466,
      0.6710225552502975,
      0.0,
      0.6455256292500049,
      0.6163494673450742,
      0.6821365366529063,
      0.5535216483987203,
      0.7127736321679241
    ],
    [
      0.6618276114687442,
      0.6412146014759784,
      0.6787737489084923,
      0.7370497250284799,
      0.7503457419178563,
      0.4704745586141981,
      0.6455256292500049,
      0.0,
      0.6121828299750547,
      0.6667881003323946,
      0.7406943845371674,
      0.6410383874004743
    ],
    [
      0.5886476904229276,
      0.5300967144999127,
      0.6493882951533907,
      0.6737031214584003,
      0.6377531383234133,
      0.5109843650080635,
      0.6163494673450742,
      0.6121828299750547,
      0.0,
      0.6394062967350054,
      0.7506058398993525,
      0.6450328555629915
    ],
    [
      0.615696808383472,
      0.7780782081727677,
      0.7834512451082659,
      0.679957284922917,
      0.7343075866012678,
      0.6154373201638302,
      0.6821365366529063,
      0.6667881003323946,
      0.6394062967350054,
      0.0,
      0.6233205241317546,
      0.7393065688080749
    ],
    [
      0.6185109457713475,
      0.8510685267571622,
      0.8102932812101669,
      0.8158436759455874,
      0.7407914006891793,
      0.751114304348368,
      0.5535216483987203,
      0.7406943845371674,
      0.7506058398993525,
      0.6233205241317546,
      0.0,
      0.8286901575635186
    ],
    [
      0.6024927766587166,
      0.5032162516020757,
      0.5830397189110447,
      0.6892441893525423,
      0.6540412598822803,
      0.5483032932688909,
      0.7127736321679241,
      0.6410383874004743,
      0.6450328555629915,
      0.7393065688080749,
      0.8286901575635186,
      0.0
    ]
  ],
  "most_similar_pairs": [
    {
      "circuit1": "ca6",
      "circuit2": "ca8",
      "jsd_bits": 0.4705
    },
    {
      "circuit1": "ca2",
      "circuit2": "ca3",
      "jsd_bits": 0.4721
    },
    {
      "circuit1": "ca2",
      "circuit2": "cadc",
      "jsd_bits": 0.5032
    },
    {
      "circuit1": "ca6",
      "circuit2": "ca9",
      "jsd_bits": 0.511
    },
    {
      "circuit1": "ca2",
      "circuit2": "ca9",
      "jsd_bits": 0.5301
    }
  ],
  "most_divergent_pairs": [
    {
      "circuit1": "ca3",
      "circuit2": "ca10",
      "jsd_bits": 0.7835
    },
    {
      "circuit1": "ca3",
      "circuit2": "ca11",
      "jsd_bits": 0.8103
    },
    {
      "circuit1": "ca4",
      "circuit2": "ca11",
      "jsd_bits": 0.8158
    },
    {
      "circuit1": "ca11",
      "circuit2": "cadc",
      "jsd_bits": 0.8287
    },
    {
      "circuit1": "ca2",
      "circuit2": "ca11",
      "jsd_bits": 0.8511
    }
  ]
}