{
  "units": "bits (base 2)",
  "circuits": [
    "ca1",
    "ca2",
    "ca3",
    "ca4",
    "ca5",
    "ca6",
    "ca7",
    "ca8",
    "ca9",
    "ca10",
    "ca11",
    "cadc"
  ],
  "circuit_case_counts": {
    "ca1": 5,
    "ca2": 6,
    "ca3": 4,
    "ca4": 5,
    "ca5": 4,
    "ca6": 4,
    "ca7": 7,
    "ca8": 3,
    "ca9": 22,
    "ca10": 3,
    "ca11": 2,
    "cadc": 4
  },
  "mean_pairwise_jsd": 0.6541,
  "jsd_matrix": [
    [
      0.0,
      0.5895090263348699,
      0.6450230855615138,
      0.6845384627919612,
      0.6739071689059561,
      0.5595218419206276,
      0.5386651416804182,
      0.634948930969407,
      0.5892099587593046,
      0.6156968081987629,
      0.6185109455857942,
      0.6024927764779688
    ],
    [
      0.5895090263348699,
      0.0,
      0.47206117047148066,
      0.691307146307882,
      0.7077217810678919,
      0.5736963324988201,
      0.6620634181152637,
      0.6349929729215634,
      0.5474633084014354,
      0.7780782079393443,
      0.8510685265018415,
      0.5032162514511108
    ],
    [
      0.6450230855615138,
      0.47206117047148066,
      0.0,
      0.7554541298513411,
      0.7106098075586039,
      0.5871085104077256,
      0.6621855654177339,
      0.6696329834010223,
      0.6621376801856677,
      0.7834512448732305,
      0.8102932809670788,
      0.5830397187361327
    ],
    [
      0.6845384627919612,
      0.691307146307882,
      0.7554541298513411,
      0.0,
      0.7204006638105701,
      0.6565142415633805,
      0.73007500416166,
      0.7147450116385915,
      0.670415074012545,
      0.6799572847189297,
      0.8158436757008344,
      0.689244189145769
    ],
    [
      0.6739071689059561,
      0.7077217810678919,
      0.7106098075586039,
      0.7204006638105701,
      0.0,
      0.6129744234512436,
      0.6772534610650727,
      0.7287510869979759,
      0.6409000385908507,
      0.7343075863809756,
      0.7407914004669418,
      0.654041259686068
    ],
    [
      0.5595218419206276,
      0.5736963324988201,
      0.5871085104077256,
      0.6565142415633805,
      0.6129744234512436,
      0.0,
      0.6456145275232726,
      0.430138143175978,
      0.5336922021670325,
      0.608945317635905,
      0.7394827982396227,
      0.5681387150035326
    ],
    [
      0.5386651416804182,
      0.6620634181152637,
      0.6621855654177339,
      0.73007500416166,
      0.6772534610650727,
      0.6456145275232726,
      0.0,
      0.5891965749953904,
      0.6086739601520488,
      0.6269946818143924,
      0.46715489633466795,
      0.7072240229595675
    ],
    [
      0.634948930969407,
      0.6349929729215634,
      0.6696329834010223,
      0.7147450116385915,
      0.7287510869979759,
      0.430138143175978,
      0.5891965749953904,
      0.0,
      0.6049738536690603,
      0.6299033945826692,
      0.7015039616231796,
      0.6209273671420468
    ],
    [
      0.5892099587593046,
      0.5474633084014354,
      0.6621376801856677,
      0.670415074012545,
      0.6409000385908507,
      0.5336922021670325,
      0.6086739601520488,
      0.6049738536690603,
      0.0,
      0.636917145532084,
      0.7378340451325988,
      0.6562921269806232
    ],
    [
      0.6156968081987629,
      0.7780782079393443,
      0.7834512448732305,
      0.6799572847189297,
      0.7343075863809756,
      0.608945317635905,
      0.6269946818143924,
      0.6299033945826692,
      0.636917145532084,
      0.0,
      0.6233205239447586,
      0.739306568586283
    ],
    [
      0.6185109455857942,
      0.8510685265018415,
      0.8102932809670788,
      0.8158436757008344,
      0.7407914004669418,
      0.7394827982396227,
      0.46715489633466795,
      0.7015039616231796,
      0.7378340451325988,
      0.6233205239447586,
      0.0,
      0.8286901573149116
    ],
    [
      0.6024927764779688,
      0.5032162514511108,
      0.5830397187361327,
      0.689244189145769,
      0.654041259686068,
      0.5681387150035326,
      0.7072240229595675,
      0.6209273671420468,
      0.6562921269806232,
      0.739306568586283,
      0.8286901573149116,
      0.0
    ]
  ],
  "most_similar_pairs": [
    {
      "circuit1": "ca6",
      "circuit2": "ca8",
      "jsd_bits": 0.4301
    },
    {
      "circuit1": "ca7",
      "circuit2": "ca11",
      "jsd_bits": 0.4672
    },
    {
      "circuit1": "ca2",
      "circuit2": "ca3",
      "jsd_bits": 0.4721
    },
    {
      "circuit1": "ca2",
      "circuit2": "cadc",
      "jsd_bits": 0.5032
    },
    {
      "circuit1": "ca6",
      "circuit2": "ca9",
      "jsd_bits": 0.5337
    }
  ],
  "most_divergent_pairs": [
    {
      "circuit1": "ca3",
      "circuit2": "ca10",
      "jsd_bits": 0.7835
    },
    {
      "circuit1": "ca3",
      "circuit2": "ca11",
      "jsd_bits": 0.8103
    },
    {
      "circuit1": "ca4",
      "circuit2": "ca11",
      "jsd_bits": 0.8158
    },
    {
      "circuit1": "ca11",
      "circuit2": "cadc",
      "jsd_bits": 0.8287
    },
    {
      "circuit1": "ca2",
      "circuit2": "ca11",
      "jsd_bits": 0.8511
    }
  ]
}