{
  "circuits": [
    "ca1",
    "ca2",
    "ca3",
    "ca4",
    "ca5",
    "ca6",
    "ca7",
    "ca8",
    "ca9",
    "ca10",
    "ca11",
    "cadc"
  ],
  "circuit_case_counts": {
    "ca1": 6,
    "ca2": 6,
    "ca3": 4,
    "ca4": 5,
    "ca5": 4,
    "ca6": 4,
    "ca7": 7,
    "ca8": 3,
    "ca9": 23,
    "ca10": 3,
    "ca11": 2,
    "cadc": 4
  },
  "jsd_matrix": [
    [
      0.0,
      0.6066391866848211,
      0.6624819645535751,
      0.6875399785390746,
      0.6723408787837506,
      0.5665194730685166,
      0.5251378223028147,
      0.6410736237633606,
      0.5917399307444247,
      0.6033909205910358,
      0.6264524039438656,
      0.6204675802375151
    ],
    [
      0.6066391866848211,
      0.0,
      0.48702294934018775,
      0.6913071462041859,
      0.7077217809617335,
      0.5736963324127656,
      0.662063418015954,
      0.6349929728263144,
      0.5506690068416115,
      0.7780782078226325,
      0.8621945600033879,
      0.5032162513756284
    ],
    [
      0.6624819645535751,
      0.48702294934018775,
      0.0,
      0.7611123918469012,
      0.7174561710533381,
      0.5978878393959751,
      0.6704270483862664,
      0.678057457244163,
      0.6581042875321199,
      0.7891946945797303,
      0.7865212953173866,
      0.5943416846614109
    ],
    [
      0.6875399785390746,
      0.6913071462041859,
      0.7611123918469012,
      0.0,
      0.7204006637025099,
      0.6565142414649032,
      0.7300750040521489,
      0.7147450115313798,
      0.6750765648305085,
      0.6799572846169362,
      0.8307966109838094,
      0.6892441890423824
    ],
    [
      0.6723408787837506,
      0.7077217809617335,
      0.7174561710533381,
      0.7204006637025099,
      0.0,
      0.6129744233592974,
      0.6772534609634846,
      0.7287510868886633,
      0.6464092132586163,
      0.7343075862708294,
      0.762121394242435,
      0.6540412595879618
    ],
    [
      0.5665194730685166,
      0.5736963324127656,
      0.5978878393959751,
      0.6565142414649032,
      0.6129744233592974,
      0.0,
      0.6456145274264304,
      0.4301381431114572,
      0.5306367470456321,
      0.6089453175445632,
      0.7608157368273599,
      0.5681387149183118
    ],
    [
      0.5251378223028147,
      0.662063418015954,
      0.6704270483862664,
      0.7300750040521489,
      0.6772534609634846,
      0.6456145274264304,
      0.0,
      0.5891965749070109,
      0.6173294509423664,
      0.6269946817203432,
      0.530093481331722,
      0.7072240228534841
    ],
    [
      0.6410736237633606,
      0.6349929728263144,
      0.678057457244163,
      0.7147450115313798,
      0.7287510868886633,
      0.4301381431114572,
      0.5891965749070109,
      0.0,
      0.6023194404588283,
      0.6299033944881837,
      0.7276781423334483,
      0.6209273670489076
    ],
    [
      0.5917399307444247,
      0.5506690068416115,
      0.6581042875321199,
      0.6750765648305085,
      0.6464092132586163,
      0.5306367470456321,
      0.6173294509423664,
      0.6023194404588283,
      0.0,
      0.6403213350419906,
      0.7410689035347944,
      0.659794337441062
    ],
    [
      0.6033909205910358,
      0.7780782078226325,
      0.7891946945797303,
      0.6799572846169362,
      0.7343075862708294,
      0.6089453175445632,
      0.6269946817203432,
      0.6299033944881837,
      0.6403213350419906,
      0.0,
      0.6663329817360548,
      0.7393065684753868
    ],
    [
      0.6264524039438656,
      0.8621945600033879,
      0.7865212953173866,
      0.8307966109838094,
      0.762121394242435,
      0.7608157368273599,
      0.530093481331722,
      0.7276781423334483,
      0.7410689035347944,
      0.6663329817360548,
      0.0,
      0.8438866066690965
    ],
    [
      0.6204675802375151,
      0.5032162513756284,
      0.5943416846614109,
      0.6892441890423824,
      0.6540412595879618,
      0.5681387149183118,
      0.7072240228534841,
      0.6209273670489076,
      0.659794337441062,
      0.7393065684753868,
      0.8438866066690965,
      0.0
    ]
  ],
  "most_similar_pairs": [
    {
      "circuit1": "ca6",
      "circuit2": "ca8",
      "jsd": 0.4301
    },
    {
      "circuit1": "ca2",
      "circuit2": "ca3",
      "jsd": 0.487
    },
    {
      "circuit1": "ca2",
      "circuit2": "cadc",
      "jsd": 0.5032
    },
    {
      "circuit1": "ca1",
      "circuit2": "ca7",
      "jsd": 0.5251
    },
    {
      "circuit1": "ca7",
      "circuit2": "ca11",
      "jsd": 0.5301
    }
  ],
  "most_divergent_pairs": [
    {
      "circuit1": "ca3",
      "circuit2": "ca11",
      "jsd": 0.7865
    },
    {
      "circuit1": "ca3",
      "circuit2": "ca10",
      "jsd": 0.7892
    },
    {
      "circuit1": "ca4",
      "circuit2": "ca11",
      "jsd": 0.8308
    },
    {
      "circuit1": "ca11",
      "circuit2": "cadc",
      "jsd": 0.8439
    },
    {
      "circuit1": "ca2",
      "circuit2": "ca11",
      "jsd": 0.8622
    }
  ]
}